atm_id,2023-09-01,2023-09-02,2023-09-03,2023-09-04,2023-09-05,2023-09-06,2023-09-07
001cd93c0d71a9201c2a3e5e0dc49959,20000000,20000000,20000000,20000000,20000000,20000000,0
002fc583a1d6b9d822f836a0258425ac,20000000,20000000,20000000,20000000,20000000,20000000,20000000
00358bf312b4629058d61472016232d5,20000000,20000000,20000000,20000000,20000000,20000000,20000000
006b6cc0a18304b2b7258988d0ce023e,20000000,20000000,20000000,20000000,20000000,20000000,20000000
008d2c661348ab8df6051b18e8458ba4,20000000,20000000,20000000,20000000,20000000,20000000,20000000
010fc18f5587918a6d839288ef99b1bb,20000000,20000000,20000000,20000000,20000000,20000000,20000000
0120ed1ebac21b881e5bfca1058ce5d9,20000000,20000000,20000000,20000000,20000000,20000000,20000000
01f44929012b30c14f9a77228591ca77,20000000,20000000,20000000,20000000,20000000,20000000,0
02261484f04f1dc5549fe13c7d764ce9,20000000,20000000,20000000,20000000,20000000,20000000,20000000
0338903d9f6a928ea6679e65db8348c4,20000000,20000000,20000000,20000000,20000000,20000000,20000000
033ffccd56fab9b654b29d2d0041b3b4,20000000,20000000,20000000,20000000,20000000,20000000,20000000
03e71b06a6970af2c002a4b374029d1a,20000000,20000000,20000000,20000000,20000000,20000000,20000000
045249695cdc8fe8e10459fc5bdf8140,20000000,20000000,20000000,20000000,20000000,20000000,20000000
04ff8cff97705b3f67b69fbf4a925c21,20000000,20000000,20000000,20000000,20000000,20000000,20000000
05bbcb9d82eb5ba286e8dfa245252a49,20000000,20000000,20000000,20000000,20000000,20000000,20000000
0604e1a5f4740fac7147969cf6ca990a,20000000,20000000,20000000,20000000,20000000,20000000,20000000
065f11face1b5bd6046d7f238e26fc9d,20000000,20000000,20000000,20000000,20000000,20000000,20000000
0702d8285e74db5a832d29ce60a87bc0,20000000,20000000,20000000,20000000,20000000,20000000,20000000
07106dff8f8045afadbe0e9bfebb93a7,20000000,20000000,20000000,20000000,20000000,20000000,20000000
0733f5660422f97a096a45a098632bbc,20000000,20000000,20000000,20000000,20000000,20000000,20000000
086a033c90dce77cb98295708ceb2907,20000000,20000000,20000000,20000000,20000000,20000000,20000000
088949e2f8686bf218208482553c09d1,20000000,20000000,20000000,20000000,20000000,20000000,20000000
08dc0d233e005e204f2c2116a100c0b2,20000000,20000000,20000000,20000000,20000000,20000000,20000000
096cf05a6d6db200b7935061ff71edcc,20000000,20000000,20000000,20000000,20000000,20000000,0
0a121b455f8bfd1903e8cad97a751fbc,20000000,20000000,20000000,20000000,20000000,20000000,20000000
0a1874a8a018d40c25f8bef45de37783,20000000,20000000,20000000,20000000,20000000,20000000,20000000
0a5848384fa50ffe026ba071df826928,20000000,20000000,20000000,20000000,20000000,20000000,20000000
0a8d4469d73045a622432edf61cfd146,20000000,20000000,20000000,20000000,20000000,20000000,20000000
0ad914b3f20330bf3c70007b18b9c344,20000000,20000000,20000000,20000000,20000000,20000000,20000000
0af12142700bfdb4ccbf7ccf55189f59,20000000,20000000,20000000,20000000,20000000,20000000,20000000
0af8a686fd2bd19443de15d9a9bb9a99,20000000,20000000,20000000,20000000,20000000,20000000,20000000
0b38a1cb4232f8bd1b28b5e675c1cec5,20000000,20000000,20000000,20000000,20000000,20000000,20000000
0b8cae6960fe77af37351cd485683412,20000000,20000000,20000000,20000000,20000000,20000000,20000000
0bdb5a256b28b39d0cb42e71b2b2c770,20000000,20000000,20000000,20000000,20000000,20000000,20000000
0bdf4b9f800e5f0b7b6b1f4ff88fe234,20000000,20000000,20000000,20000000,20000000,20000000,20000000
0c6a55e902f0761ade112233ace06b07,20000000,20000000,20000000,20000000,20000000,20000000,20000000
0d03e19e29608458daa6376c0f2fd817,20000000,20000000,20000000,20000000,20000000,20000000,20000000
0eb70b8dcdaca0c08308250c96b395a3,20000000,20000000,20000000,20000000,20000000,20000000,20000000
0fd9300c6a1ba6e62676741d9a723684,20000000,20000000,20000000,20000000,20000000,20000000,20000000
1180d1939822f7e3fc08498ec5f1a736,20000000,20000000,20000000,20000000,20000000,20000000,20000000
11aeac44f5bbd31c87ddad1c6c5f0cd9,20000000,20000000,20000000,20000000,20000000,20000000,20000000
139d8e00defbdd5f4e1badf4ae730472,20000000,20000000,20000000,20000000,20000000,20000000,20000000
1432f13f42590441a573ce5607ecd68d,20000000,20000000,20000000,20000000,20000000,20000000,20000000
144e73448cb520d80afe8c6fad1b5fa2,20000000,20000000,20000000,20000000,20000000,0,0
1457e9e4c16d6d6e38319824769c072d,20000000,20000000,20000000,20000000,20000000,20000000,20000000
15189f05599ab85b2198f877524fc2fd,20000000,20000000,20000000,20000000,20000000,20000000,20000000
15be6bbe71171b9454e9cd2840285391,20000000,20000000,20000000,20000000,20000000,20000000,20000000
15d9559f444d80d9897b6d350ed008f5,20000000,20000000,20000000,20000000,20000000,20000000,20000000
1751c2e8a90962513ac6d7b9cefea7d8,20000000,20000000,20000000,20000000,20000000,20000000,20000000
182377100215f2332aa7a8788943618a,20000000,20000000,20000000,20000000,20000000,20000000,20000000
1898619a550f127a347f803ffdd28cca,20000000,20000000,20000000,20000000,20000000,20000000,20000000
18ab8b281d80b85cf392c20c0e38149c,20000000,20000000,20000000,20000000,20000000,20000000,20000000
19314f55a2946842cda9bb34b4b509b3,20000000,20000000,20000000,20000000,20000000,20000000,20000000
1a351b5afb59c03c8e0851ca064de1de,20000000,20000000,20000000,20000000,20000000,20000000,20000000
1a6fe6f65bdbc1a1c9945d38a3661825,20000000,20000000,20000000,20000000,20000000,20000000,20000000
1aeebab4f19af66579b6e7adbde4b04f,20000000,20000000,20000000,20000000,20000000,20000000,0
1b6ac3c513770338c147def27ad654d1,20000000,20000000,20000000,20000000,20000000,20000000,20000000
1ba9c82a6ec5c82ebd1b9780f87d1d08,20000000,20000000,20000000,20000000,20000000,20000000,20000000
1c3ac064a802ab0f52d8049dc9e17268,20000000,20000000,20000000,20000000,20000000,20000000,20000000
1c3d93a963cc76190aa4ad40b584fde2,20000000,20000000,20000000,20000000,20000000,20000000,20000000
1c6371fbe854a472539755a2cfa29cfa,20000000,20000000,20000000,20000000,20000000,20000000,20000000
1ca5868f4ed07b653d03cebadab07845,20000000,20000000,20000000,20000000,20000000,20000000,20000000
1cf6fb95b2d8a2e9cbb419425bc8bf6b,20000000,20000000,20000000,20000000,20000000,20000000,20000000
1d2f748d0be0e6f173778fcfdaa1cc40,20000000,20000000,20000000,20000000,20000000,0,0
1d9e192f27575f6cbe33e1e56e983e24,20000000,20000000,20000000,20000000,20000000,20000000,20000000
1ddb8b2a891b52781d187df03fbaa565,20000000,20000000,20000000,20000000,20000000,20000000,20000000
1e7dde87a0593780f1de5ebe76320db6,20000000,20000000,20000000,20000000,20000000,20000000,20000000
1fd32b1290c5b0295914c16be37a71fd,20000000,20000000,20000000,20000000,20000000,20000000,20000000
202d3d388f391a2ddf91deb20be5431a,20000000,20000000,20000000,20000000,20000000,20000000,0
21492ae4c76c4691b07fb0b89e70488b,20000000,20000000,20000000,20000000,20000000,20000000,20000000
21af7575fe61cdda49d4e6cf07e158bc,20000000,20000000,20000000,20000000,20000000,20000000,0
2290efc2344ecd1b24da648604635a06,20000000,20000000,20000000,20000000,20000000,20000000,20000000
22b2303b9445f66a0fe2c70e8be09855,20000000,20000000,20000000,20000000,20000000,20000000,20000000
22bbd95a75d9a0dfb2ddce7ce1b51c39,20000000,20000000,20000000,20000000,20000000,20000000,20000000
22c9dd0cc8d32ff8139ab6e7828b9a6d,20000000,20000000,20000000,20000000,20000000,0,0
23791ef0289439d5223d3e3b725e6089,20000000,20000000,20000000,20000000,20000000,20000000,20000000
23963b50cfcaeb700209333543ec3217,20000000,20000000,20000000,20000000,20000000,20000000,20000000
2440184b0603543092382fe66a57eb7f,20000000,20000000,20000000,20000000,20000000,20000000,20000000
255e7988d8a9f955ef4b894c78e75d46,20000000,20000000,20000000,20000000,20000000,20000000,20000000
260290c08dbafa60304ed9db992065d6,20000000,20000000,20000000,20000000,20000000,0,0
26a3dd41af5f133f26f6ae3526cbd3a3,20000000,20000000,20000000,20000000,20000000,20000000,20000000
2707be52392c9ac218abb379976e831f,20000000,20000000,20000000,20000000,20000000,20000000,20000000
271560e63aa6e74093ec0805bf79c852,20000000,20000000,20000000,20000000,20000000,20000000,20000000
2752e1ed0fb8ea9ac4e1ebbfe205ac9e,20000000,20000000,20000000,20000000,20000000,20000000,20000000
27e37f2121ea66a9251bf3be06cd735b,20000000,20000000,20000000,20000000,20000000,20000000,20000000
27faad99eed9ce5e2804f982a88afc2c,20000000,20000000,20000000,20000000,20000000,20000000,20000000
2839fcfaaa3fdea0da5bb6e1ca0fefd8,20000000,20000000,20000000,20000000,20000000,20000000,20000000
28e9335c3552b929dfa47390646c71ac,20000000,20000000,20000000,20000000,20000000,20000000,20000000
2925b08af2761ab0b2feee5da9bc5978,20000000,20000000,20000000,20000000,20000000,20000000,20000000
29a51a6efeb364002bace524f339dcb2,20000000,20000000,20000000,20000000,20000000,20000000,20000000
29e86b99a0ef95b86d3326d0b868a85f,20000000,20000000,20000000,20000000,20000000,20000000,20000000
2b093a46571a5d9ae860e7da75727c46,20000000,20000000,20000000,20000000,20000000,20000000,20000000
2b9335c6f7ce830f052c1e1297449b70,20000000,20000000,20000000,20000000,20000000,20000000,20000000
2c015ce52f914eecae75dbc4d75db348,20000000,20000000,20000000,20000000,20000000,0,0
2c5d4f01a6ef4d7e52f4106c805fb23a,20000000,20000000,20000000,20000000,20000000,20000000,0
2c8effe920d5112f6ecc60b68a4d183c,20000000,20000000,20000000,20000000,20000000,20000000,20000000
2cd127262f84741679085badb0f763be,20000000,20000000,20000000,20000000,20000000,20000000,20000000
2d11af05b709c9007b94bc53e20e7717,20000000,20000000,20000000,20000000,20000000,20000000,20000000
2d438e082cce6add0741790a23341e4c,20000000,20000000,20000000,20000000,20000000,20000000,20000000
2db70f291d22cd4d623810d57145bb80,20000000,20000000,20000000,20000000,20000000,20000000,20000000
2ddd5652ef2c04e3227d8ec2811bbef9,20000000,20000000,20000000,20000000,20000000,20000000,20000000
2e60004b3245d65df7dca8a752d93999,20000000,20000000,20000000,20000000,20000000,20000000,20000000
2eea1d0b741ccee45c72b86d3ce6d8aa,20000000,20000000,20000000,20000000,20000000,20000000,20000000
2f29470d37d219892948cf7a23c5bf4d,20000000,20000000,20000000,20000000,20000000,20000000,20000000
2f5254a577e72db5ae46c340d28d3a7a,20000000,20000000,20000000,20000000,20000000,20000000,0
2fb948ed1669e61e70e12ab57b806ef8,20000000,20000000,20000000,20000000,20000000,20000000,20000000
30362ecab7ebe898aa1ab15282f34ad4,20000000,20000000,20000000,20000000,20000000,20000000,20000000
307f501ec5695ad33cd0e318d4005ce6,20000000,20000000,20000000,20000000,20000000,20000000,20000000
30d65385c72bd4b0c669b9407a05c72f,20000000,20000000,20000000,20000000,20000000,20000000,20000000
311b09b6250a2d02e0407c9f9ef977b4,20000000,20000000,20000000,20000000,20000000,20000000,20000000
31817210b8a5fb8055d8529690593b58,20000000,20000000,20000000,20000000,20000000,20000000,20000000
31e95d19edcb7a98df0c7aa74b90131d,20000000,20000000,20000000,20000000,20000000,20000000,20000000
31f3d038d83f612900a571c240f04cd6,20000000,20000000,20000000,20000000,20000000,20000000,20000000
324857cfb57e80e991eee4622badd25e,20000000,20000000,20000000,20000000,20000000,20000000,20000000
32a0a3467bc2255eea631b4411d0db92,20000000,20000000,20000000,20000000,20000000,20000000,20000000
32b4dd315f082fd27c3e599fd98baff7,20000000,20000000,20000000,20000000,20000000,20000000,20000000
3302cd9c6111b3c86ea17dd446d08a0d,20000000,20000000,20000000,20000000,20000000,20000000,20000000
330de6a864fdc7b3c3c1f39421e5d112,20000000,20000000,20000000,20000000,20000000,20000000,20000000
3338ee179677bb1ce6f2633996076d22,20000000,20000000,20000000,20000000,20000000,20000000,20000000
33bf905a168df9b5d8675ceced168315,20000000,20000000,20000000,20000000,20000000,0,0
33de5d92c7de6aaca18e97646f6bac31,20000000,20000000,20000000,20000000,20000000,20000000,20000000
34838ab4aeff530f73908efebb44c522,20000000,20000000,20000000,20000000,20000000,20000000,20000000
351b12ccc629727e8887534267bd670d,20000000,20000000,20000000,20000000,20000000,20000000,20000000
3550106393f700de1707933ea50e6abb,20000000,20000000,20000000,20000000,20000000,20000000,20000000
35b92245118dbdb01c104ef34ebbf4bf,20000000,20000000,20000000,20000000,20000000,20000000,20000000
35d1f52ad6326e925f3fdead1b505c25,20000000,20000000,20000000,20000000,20000000,20000000,20000000
35f3f924b9a6bb9e42c9abc89aeff019,20000000,20000000,20000000,20000000,20000000,20000000,20000000
36e8eabab72c21050c1f746a73219fc1,20000000,20000000,20000000,20000000,20000000,0,0
36f67bd31a08c477b33182a26baa30ea,20000000,20000000,20000000,20000000,20000000,20000000,20000000
3712216ea286cc627da55954e0d05d03,20000000,20000000,20000000,20000000,20000000,20000000,20000000
37173a1fb879ec65f7a8c24159a3e3b1,20000000,20000000,20000000,20000000,20000000,20000000,20000000
372be49936aefdfc80e6fd3510f4bb58,20000000,20000000,20000000,20000000,20000000,20000000,20000000
385805dd3f9ccd3a0e6b4e9609319039,20000000,20000000,20000000,20000000,20000000,0,0
396326dbe36f99c4ef3a22a3dc19846c,20000000,20000000,20000000,20000000,20000000,20000000,20000000
397f7fe04770f20829abe4bfd7366b52,20000000,20000000,20000000,20000000,20000000,20000000,20000000
39a1ee8f8a2697cdb445ecd3532f3e3c,20000000,20000000,20000000,20000000,20000000,20000000,0
39da6e5317b4487f7cca5e40d7100f92,20000000,20000000,20000000,20000000,20000000,20000000,20000000
39eed72f48192d4f386256c5c3824dcc,20000000,20000000,20000000,20000000,20000000,20000000,20000000
3a1997b4684fd86a1e3934f6363f188d,20000000,20000000,20000000,20000000,20000000,0,0
3a44ddc7a1787917dd0b912d413a5448,20000000,20000000,20000000,20000000,20000000,20000000,20000000
3b5d7e547353447a857af69e69c49081,20000000,20000000,20000000,20000000,20000000,20000000,20000000
3bb3b0e3c8725c3b3427f5470effcf27,20000000,20000000,20000000,20000000,20000000,20000000,20000000
3bc379d1770b7cc85432537d81e68e64,20000000,20000000,20000000,20000000,20000000,20000000,20000000
3bd1f4b01938abe4be7c9176eed9c01c,20000000,20000000,20000000,20000000,20000000,20000000,20000000
3be63f4888cba380507e70a3957bc9e2,20000000,20000000,20000000,20000000,20000000,20000000,0
3bef95a4aeabff673ee84eaa4e8b96d6,20000000,20000000,20000000,20000000,20000000,20000000,20000000
3bf1e0090de25b11c4b46a7862b76405,20000000,20000000,20000000,20000000,20000000,20000000,20000000
3c0ee319b7e65ab14641d2aea793a63d,20000000,20000000,20000000,20000000,20000000,0,0
3c4b49cadc49a7c48c7bfbf66842a4f8,20000000,20000000,20000000,20000000,20000000,20000000,20000000
3cdbfa717f312e2b6c408c18fd3f2871,20000000,20000000,20000000,20000000,20000000,20000000,20000000
3d4e6bb0e5c4fff2470e050096f075fb,20000000,20000000,20000000,20000000,20000000,20000000,20000000
3d9d049570336f0b8ae52bc3c843b697,20000000,20000000,20000000,20000000,20000000,20000000,20000000
3de19b0d8a643290f862fc84b438f04a,20000000,20000000,20000000,20000000,20000000,20000000,20000000
3e2042ce5bacf8125d851f1bc8fd58f4,20000000,20000000,20000000,20000000,20000000,20000000,20000000
3e278531150fe0032cc9c6940cb86e1c,20000000,20000000,20000000,20000000,20000000,20000000,20000000
3f1d00b156eb2dd648f3e093ab081d7c,20000000,20000000,20000000,20000000,20000000,20000000,20000000
3fc3619c16306db274ec063aee6dd5bb,20000000,20000000,20000000,20000000,20000000,20000000,20000000
3fc528ff229fef5430173ab81385f943,20000000,20000000,20000000,20000000,20000000,20000000,20000000
40185d9312f7a83cca0209717756b045,20000000,20000000,20000000,20000000,20000000,20000000,20000000
403246e412240c97bae69439835ffb07,20000000,20000000,20000000,20000000,20000000,20000000,20000000
40ec8b180093e052d6382e6d988f476c,20000000,20000000,20000000,20000000,20000000,20000000,20000000
41ac238b726521ac99d2b9970fd9d2da,20000000,20000000,20000000,20000000,20000000,20000000,20000000
41bd0e1daee0909e2f87fc20d9fa6b8b,20000000,20000000,20000000,20000000,20000000,20000000,20000000
41ebfef17643a980b37cc094c88f5d5d,20000000,20000000,20000000,20000000,20000000,20000000,20000000
424dc5f3dcb939f87d68f29942bf9cd9,20000000,20000000,20000000,20000000,20000000,20000000,20000000
42ac417ce34dbec524dc05fcd53d7fdd,20000000,20000000,20000000,20000000,20000000,20000000,20000000
42f80747218633c692d8616a5c777df7,20000000,20000000,20000000,20000000,20000000,20000000,20000000
4350d9f6694a64a4e764a1709758e28e,20000000,20000000,20000000,20000000,20000000,20000000,20000000
4359d8f722d07f933b367e462e12081a,20000000,20000000,20000000,20000000,20000000,20000000,20000000
4429cb27a8d99f7b6f664c20b1289374,20000000,20000000,20000000,20000000,20000000,20000000,20000000
445e8e11b4222236c24c1e12f2fa2a8c,20000000,20000000,20000000,20000000,20000000,20000000,20000000
44834fa9c8e0d3fb282437790984d1fb,20000000,20000000,20000000,20000000,20000000,20000000,20000000
44c2c1b0f20d34bb15b97624d83d8b5c,20000000,20000000,20000000,20000000,20000000,20000000,20000000
454fc4ea80762640f0b57827f954d639,20000000,20000000,20000000,20000000,20000000,20000000,20000000
4685edc9d06f7415e4e980fec9dd68b7,20000000,20000000,20000000,20000000,20000000,0,0
46a09d83265a3c40581ed315e643a6ce,20000000,20000000,20000000,20000000,20000000,0,0
46d3165f9ab4aad66d2104c7f7286194,20000000,20000000,20000000,20000000,20000000,20000000,20000000
47536b2206f7bd2eeafbb6ae923c0e23,20000000,20000000,20000000,20000000,20000000,20000000,20000000
47942907a3a77e120ad62c8dc03464c6,20000000,20000000,20000000,20000000,20000000,20000000,20000000
47c518d64a922ee0684142351a32fa41,20000000,20000000,20000000,20000000,20000000,20000000,20000000
4874c10f547b1746e490c3adde8216a0,20000000,20000000,20000000,20000000,20000000,20000000,20000000
48a0227fb63e26ff0c32e60889d5c60e,20000000,20000000,20000000,20000000,20000000,20000000,20000000
4940ca05cf0b27a62ac528ea28b4425f,20000000,20000000,20000000,20000000,20000000,20000000,20000000
495bc432500645d3e5f0394d6eb4c17c,20000000,20000000,20000000,20000000,20000000,20000000,20000000
4aeb88c9ad8700673710282abd67dc13,20000000,20000000,20000000,20000000,20000000,0,0
4b260ff60a0120a2d402a30db1da7621,20000000,20000000,20000000,20000000,20000000,20000000,20000000
4ba74c965cab51e24e3c6b555603813d,20000000,20000000,20000000,20000000,20000000,20000000,20000000
4c4df582f69364e3ebbb2e0bc143551f,20000000,20000000,20000000,20000000,20000000,20000000,20000000
4c5d0e769d962b2ed61396d277b914cb,20000000,20000000,20000000,20000000,20000000,20000000,20000000
4d242461b7939248e681efdaba9e83d9,20000000,20000000,20000000,20000000,20000000,20000000,20000000
4d555dcc91dcebee8f9bbfd498d1838d,20000000,20000000,20000000,20000000,20000000,20000000,20000000
4e140b578206b92e444c5d0eeff5a4ff,20000000,20000000,20000000,20000000,20000000,20000000,20000000
4e634be26bf3ab235d9c479b1597de27,20000000,20000000,20000000,20000000,20000000,20000000,20000000
4ed57f6a3fcbdebf3f3146924e5743e7,20000000,20000000,20000000,20000000,20000000,20000000,20000000
4f117bc34117badda94f3e66c4c9bee7,20000000,20000000,20000000,20000000,20000000,20000000,20000000
4fd0b01e2d622deb77971da6ca2dc24c,20000000,20000000,20000000,20000000,20000000,20000000,20000000
4fedd303abd4363ca0a81baf8446df7e,20000000,20000000,20000000,20000000,20000000,20000000,20000000
5082185d9c165a95d9ce733d567011d0,20000000,20000000,20000000,20000000,20000000,20000000,20000000
50ae26d58c7a91dd772272d979c2d2d4,20000000,20000000,20000000,20000000,20000000,20000000,0
51271ffd017867de4359cb0892f608d8,20000000,20000000,20000000,20000000,20000000,20000000,20000000
514aba043dfc69d23a07ffc20511f821,20000000,20000000,20000000,20000000,20000000,20000000,20000000
5153a0211aeabde057219b2ec0ed37df,20000000,20000000,20000000,20000000,20000000,20000000,20000000
51a3e81a61c1fdd7de7a91299ca43c78,20000000,20000000,20000000,20000000,20000000,20000000,20000000
53d48ed4ff5b9197e8f16149f5e33951,20000000,20000000,20000000,20000000,20000000,20000000,20000000
546649b11ab3169b953ff5ac7f343844,20000000,20000000,20000000,20000000,20000000,20000000,20000000
55399361fa0f648d73ed26fddf827380,20000000,20000000,20000000,20000000,20000000,20000000,20000000
557654aa3c2ef7716ac1a8fd9c9dbf9f,20000000,20000000,20000000,20000000,20000000,20000000,20000000
557c91a3f1ac312a49a3bfe68d438a02,20000000,20000000,20000000,20000000,20000000,20000000,20000000
55c642aa5c5c81337981a606aee75244,20000000,20000000,20000000,20000000,20000000,0,0
567fcfa18914571cb50d577b0bb73c00,20000000,20000000,20000000,20000000,20000000,20000000,20000000
5744d168403302e7c8628bb2a4981fa3,20000000,20000000,20000000,20000000,20000000,20000000,20000000
5837877db881d1ebcc0c4e818761a2d3,20000000,20000000,20000000,20000000,20000000,20000000,20000000
58ee56cab1c8b6fbae6b9893c35213fb,20000000,20000000,20000000,20000000,20000000,20000000,20000000
5964f9e64dc0e33f1249de563a98340b,20000000,20000000,20000000,20000000,20000000,20000000,20000000
5976c7c74c2a5889d885dad8015faff0,20000000,20000000,20000000,20000000,20000000,20000000,20000000
597b7434ae106cbdb8daf105190ae9b5,20000000,20000000,20000000,20000000,20000000,20000000,20000000
5a5c67ef53eb0861b49eb64e7a738e7f,20000000,20000000,20000000,20000000,20000000,20000000,20000000
5a5d0f6a4a90dca13a715935eb51969c,20000000,20000000,20000000,20000000,20000000,20000000,20000000
5aa327a65febdb773a9b752c271baeab,20000000,20000000,20000000,20000000,20000000,20000000,20000000
5ad02b535ff77e3801a64ecdb533456e,20000000,20000000,20000000,20000000,20000000,20000000,20000000
5b46afe2dd291452a6d3eea492d5da6f,20000000,20000000,20000000,20000000,20000000,20000000,20000000
5b980a902811057be3eb825823fc0466,20000000,20000000,20000000,20000000,20000000,20000000,20000000
5cb3926b26cd86a5b3caf20f512c158e,20000000,20000000,20000000,20000000,20000000,20000000,20000000
5ccc911d7d279fab58ac56cd5d839681,20000000,20000000,20000000,20000000,20000000,20000000,20000000
5d14c57272e38e0891850b0c7ea98642,20000000,20000000,20000000,20000000,20000000,20000000,20000000
5d26c8835264ffb61fd63f1f901c8095,20000000,20000000,20000000,20000000,20000000,20000000,20000000
5dc40ea3ef8c58970d67bd32c52608aa,20000000,20000000,20000000,20000000,20000000,20000000,20000000
5de783e715bd0fc777ff96a7d3579538,20000000,20000000,20000000,20000000,20000000,20000000,20000000
5e24fa5286f2cb9fc1fbffc0fabd9ad5,20000000,20000000,20000000,20000000,20000000,0,0
5e63e161fe83cc1dd8a9792d9936f452,20000000,20000000,20000000,20000000,20000000,20000000,20000000
5fb6b51ceaa9993af14699db8144d549,20000000,20000000,20000000,20000000,20000000,20000000,20000000
601eab8fdfb7830c8047e2356e5a29df,20000000,20000000,20000000,20000000,20000000,20000000,20000000
60545341dc3809e615d19eccfb99f98d,20000000,20000000,20000000,20000000,20000000,20000000,20000000
608cd8bc4da8b26facb317955835beac,20000000,20000000,20000000,20000000,20000000,20000000,20000000
60e40615bd587750abd672963feffe60,20000000,20000000,20000000,20000000,20000000,20000000,20000000
61a498776538f9e3e65eff3943b04065,20000000,20000000,20000000,20000000,20000000,20000000,20000000
61f0cfe56dd53761bc6ef581d61406a2,20000000,20000000,20000000,20000000,20000000,20000000,20000000
62fc1ce3c9e18e89050760fa56bda2ea,20000000,20000000,20000000,20000000,20000000,20000000,20000000
630261f21ce1efc1cd7c02354e16753d,20000000,20000000,20000000,20000000,20000000,20000000,20000000
63443fe356af10834d9c9f1b1d813655,20000000,20000000,20000000,20000000,20000000,20000000,20000000
63e9532e10749db2c2679e749373b768,20000000,20000000,20000000,20000000,20000000,20000000,20000000
63f485b3fbb6f6df38ca02256a8c6124,20000000,20000000,20000000,20000000,20000000,20000000,20000000
65eacc695c60e4415d766d3e8f007e33,20000000,20000000,20000000,20000000,20000000,20000000,20000000
661a8d95ae7442beb0baad039b5e43b8,20000000,20000000,20000000,20000000,20000000,20000000,20000000
6625bdc589cd03d88b9258cd013f3e75,20000000,20000000,20000000,20000000,20000000,20000000,20000000
663aaa61bab67ccd0436f25fba42c7f1,20000000,20000000,20000000,20000000,20000000,20000000,20000000
6658e3a6df39a2fc6f16d264397a2fb9,20000000,20000000,20000000,20000000,20000000,20000000,20000000
665a5038939c13c450e983a66a484894,20000000,20000000,20000000,20000000,20000000,20000000,20000000
6718e9aeab863e5968afb6ad1117c6ce,20000000,20000000,20000000,20000000,20000000,20000000,20000000
67544c2a43c3fd651a87384a95520f80,20000000,20000000,20000000,20000000,20000000,20000000,20000000
683b8250ad8eea9fb24641a77155cb23,20000000,20000000,20000000,20000000,20000000,20000000,20000000
687bc3d82d9fddeb254be655772dde29,20000000,20000000,20000000,20000000,20000000,20000000,20000000
68855fe8af666dcbda0d60dd073ee5ac,20000000,20000000,20000000,20000000,20000000,20000000,20000000
6a0967278c16372a3a7054d692c99c08,20000000,20000000,20000000,20000000,20000000,20000000,20000000
6a12fd5b51959276637403765f987b27,20000000,20000000,20000000,20000000,20000000,20000000,20000000
6a46c4f90d7c2b55f868b1a67971aa9f,20000000,20000000,20000000,20000000,20000000,20000000,20000000
6ac3695e98cddc8d083729b923b215cb,20000000,20000000,20000000,20000000,20000000,0,0
6ae5bebfa2cf764a276aeb3736354c09,20000000,20000000,20000000,20000000,20000000,20000000,0
6b03870453e111b5944166810817d625,20000000,20000000,20000000,20000000,20000000,20000000,20000000
6baf42f2185936c0149780bcf1f69245,20000000,20000000,20000000,20000000,20000000,20000000,20000000
6bc83314bfff7c47ad8c3f7e91de6792,20000000,20000000,20000000,20000000,20000000,20000000,20000000
6c0e48c5255d58c988fbd5c86ae70542,20000000,20000000,20000000,20000000,20000000,20000000,20000000
6c3a006dd6eecc9f0798322640167545,20000000,20000000,20000000,20000000,20000000,20000000,20000000
6c9f216d2a2f6af7d31de0713d7a9abf,20000000,20000000,20000000,20000000,20000000,20000000,20000000
6cf214f909fcad1d6171534218ba69d9,20000000,20000000,20000000,20000000,20000000,20000000,20000000
6dc6d39b26b145aba3638a37dc58d29d,20000000,20000000,20000000,20000000,20000000,20000000,20000000
6de72dc9df4827b329ad8955c69247ab,20000000,20000000,20000000,20000000,20000000,20000000,20000000
6e5ffe8665f938295c2e658e26324ccf,20000000,20000000,20000000,20000000,20000000,20000000,20000000
6e933d46bd5f567323cb273334d408ab,20000000,20000000,20000000,20000000,20000000,20000000,20000000
6ea9b95b37143c665f348ac91f0abf71,20000000,20000000,20000000,20000000,20000000,20000000,0
6edbbf1fb5915e4db60f711642dac77f,20000000,20000000,20000000,20000000,20000000,20000000,20000000
6f05a3177de3082185a498f49e890e2e,20000000,20000000,20000000,20000000,20000000,20000000,20000000
701477e3dce71583a2a24318df7c3621,20000000,20000000,20000000,20000000,20000000,20000000,20000000
701c545721d6c8fd8011e442bd72ea41,20000000,20000000,20000000,20000000,20000000,20000000,20000000
7033c0ad290700b2d21714a95ce9510e,20000000,20000000,20000000,20000000,20000000,20000000,20000000
719b291eff3f1189c1b80581792fd851,20000000,20000000,20000000,20000000,20000000,0,0
71d6f65e6d2596b97ce7627d5e6332ec,20000000,20000000,20000000,20000000,20000000,20000000,20000000
71f8e59ff2f07ca0a2131edc0656beab,20000000,20000000,20000000,20000000,20000000,20000000,20000000
7282c234a05409fd28ad4e92234ed1b3,20000000,20000000,20000000,20000000,20000000,20000000,20000000
728c2c9b543cc04941c57f9d865cd9db,20000000,20000000,20000000,20000000,20000000,0,0
72b59e64e130d942f0ed1bffcbb8e450,20000000,20000000,20000000,20000000,20000000,20000000,20000000
73b3f1c68f92b251ffc51a3a7dd81566,20000000,20000000,20000000,20000000,20000000,20000000,20000000
744a71c0d28354791b21616b55979ff3,20000000,20000000,20000000,20000000,20000000,20000000,20000000
744dbbb384b3bd1952f5e290f386a9cf,20000000,20000000,20000000,20000000,20000000,20000000,20000000
74905e544758b9007a30c3d66677e8f5,20000000,20000000,20000000,20000000,20000000,20000000,20000000
7557c47710f64e9f75d8fbaa187cdf0d,20000000,20000000,20000000,20000000,20000000,20000000,20000000
756cc69d7da57fcd8a8bfab7ab939b2f,20000000,20000000,20000000,20000000,20000000,20000000,20000000
7572f54459a4d70de73f67a74a65188b,20000000,20000000,20000000,20000000,20000000,20000000,20000000
761ac2143189ce3a3038eb5555f0df0c,20000000,20000000,20000000,20000000,20000000,20000000,20000000
7629c61d3f54e9d058100414375fbb96,20000000,20000000,20000000,20000000,20000000,20000000,20000000
76a07e67612fab1a6e6d05c274897725,20000000,20000000,20000000,20000000,20000000,20000000,20000000
76c9321c29ec975f500d036c04a9695a,20000000,20000000,20000000,20000000,20000000,20000000,20000000
76ddbc6017796b95a833ebd368dd0597,20000000,20000000,20000000,20000000,20000000,20000000,20000000
76ec51f6d16c71ff19b322e3e96d8481,20000000,20000000,20000000,20000000,20000000,20000000,20000000
76ef1b4f42d747f7cbbc0cd9c8f596ad,20000000,20000000,20000000,20000000,20000000,20000000,20000000
7767955d4af05aac5a0348e9d7d80f84,20000000,20000000,20000000,20000000,20000000,20000000,20000000
77ac125c4a0d177530d4e07f94a08f91,20000000,20000000,20000000,20000000,20000000,20000000,20000000
77f84b862a84269d9e74f5ebaa61e58a,20000000,20000000,20000000,20000000,20000000,20000000,20000000
7837f1c2f77d527e7e46f462028d4158,20000000,20000000,20000000,20000000,20000000,20000000,20000000
792fd04d94ccde27c0e0d33a4847f84d,20000000,20000000,20000000,20000000,20000000,20000000,20000000
796ce55bc3f34ef50b2b710995b8b854,20000000,20000000,20000000,20000000,20000000,20000000,20000000
79718c8ec693084f802edc990f8f4897,20000000,20000000,20000000,20000000,20000000,20000000,20000000
79f9806b742ec27f4abdc7bb943bd9cb,20000000,20000000,20000000,20000000,20000000,20000000,20000000
7a8aedc73a7fd7aed2c8e19456dc18d4,20000000,20000000,20000000,20000000,20000000,20000000,20000000
7aaa89f5f69b3142dc1b749b93dff244,20000000,20000000,20000000,20000000,20000000,20000000,20000000
7ae33456c347d448b2882d3bb877f361,20000000,20000000,20000000,20000000,20000000,20000000,20000000
7af5cb574c5a8a53083a852e3f7fa857,20000000,20000000,20000000,20000000,20000000,20000000,20000000
7b3a8601b6054aa1d2c3e4ee97970a4b,20000000,20000000,20000000,20000000,20000000,20000000,20000000
7b77dbd20888b773037eff55b852c941,20000000,20000000,20000000,20000000,20000000,20000000,20000000
7b9bb6fd7dc7e9e58c3682d4a23cae02,20000000,20000000,20000000,20000000,20000000,20000000,20000000
7c8161d60489e3133d4a6745f3d4159c,20000000,20000000,20000000,20000000,20000000,20000000,20000000
7cc713e35390a618bd10b8c9c0da286e,20000000,20000000,20000000,20000000,20000000,20000000,20000000
7d78ba7be8a26b4b12be63dd4ade72b3,20000000,20000000,20000000,20000000,20000000,20000000,20000000
7dbfc01d00af55cb480cb9651772d6f1,20000000,20000000,20000000,20000000,20000000,20000000,20000000
7e8469faecf4fd27e3c1a74fa462538d,20000000,20000000,20000000,20000000,20000000,20000000,20000000
7f639c84dd9815d99819e3973e489b44,20000000,20000000,20000000,20000000,20000000,20000000,20000000
7f76cffc99201dbdf3268c109eb7d6dc,20000000,20000000,20000000,20000000,20000000,20000000,20000000
7f831330867dfba2571482b1fd4e9fc4,20000000,20000000,20000000,20000000,20000000,20000000,20000000
7f83b0921eb25c9886d6006a88737985,20000000,20000000,20000000,20000000,20000000,20000000,20000000
80998b18c5273a55b64988e57cc88fe5,20000000,20000000,20000000,20000000,20000000,20000000,20000000
8117a86dab823266b4c97568bec57282,20000000,20000000,20000000,20000000,20000000,20000000,20000000
82a4cd01116141b28157ca7b96721545,20000000,20000000,20000000,20000000,20000000,20000000,20000000
835397c73c40f97fb43128e523fbd881,20000000,20000000,20000000,20000000,20000000,20000000,20000000
83a674c13fc3706f6c100fcf252ca7ca,20000000,20000000,20000000,20000000,20000000,20000000,20000000
83bdc7f76036c2984c98dda2a929f376,20000000,20000000,20000000,20000000,20000000,20000000,20000000
83da49cdecd21aca4c889e90ad0ae69b,20000000,20000000,20000000,20000000,20000000,20000000,20000000
83e31d6bae0d45325b96042cf86d95b5,20000000,20000000,20000000,20000000,20000000,20000000,20000000
842c4e849fe23f42c485e056d3889f6a,20000000,20000000,20000000,20000000,20000000,20000000,20000000
8439dd935782aec50a36493df52bf9d9,20000000,20000000,20000000,20000000,20000000,20000000,20000000
8471bb7eec8f1c84c28f96ed603cffb6,20000000,20000000,20000000,20000000,20000000,20000000,20000000
849906c6d865652b4199fc35e3a87c9e,20000000,20000000,20000000,20000000,20000000,20000000,20000000
854fb3c127aa6c55f49667acc86421a6,20000000,20000000,20000000,20000000,20000000,20000000,20000000
85934ee85d573e95923948c680a9ed58,20000000,20000000,20000000,20000000,20000000,20000000,20000000
859639d0c1212ca3b7628e1b5028a9b0,20000000,20000000,20000000,20000000,20000000,20000000,20000000
86f00872587bb7f5c155d9b01fb7c40d,20000000,20000000,20000000,20000000,20000000,20000000,0
871bd039c3a1e2da1c9f6066c0f31c27,20000000,20000000,20000000,20000000,20000000,20000000,20000000
873b02385efba4e4011b7d48d5f5300c,20000000,20000000,20000000,20000000,20000000,20000000,20000000
87f5dde0a6db0eda77c35625db0c1292,20000000,20000000,20000000,20000000,20000000,20000000,20000000
8811ff6ac04a20417ef3f4cd03de5105,20000000,20000000,20000000,20000000,20000000,20000000,20000000
8821449530c741bf7acfcb46e04d12cd,20000000,20000000,20000000,20000000,20000000,20000000,20000000
88bba92b02ee9f33694be597600ee1e2,20000000,20000000,20000000,20000000,20000000,20000000,20000000
892f0b497acd4488032cbee1a28bfabe,20000000,20000000,20000000,20000000,20000000,20000000,0
89a36c28b524829a1ce62c61cfa39c80,20000000,20000000,20000000,20000000,20000000,20000000,20000000
89f1e4458ec1e8313b589004c6b96b7b,20000000,20000000,20000000,20000000,20000000,20000000,20000000
8abf75c017f14d2b039ba13ff68fa2e2,20000000,20000000,20000000,20000000,20000000,20000000,20000000
8ac8bdaaf78b3820ca717204e33cd4f7,20000000,20000000,20000000,20000000,20000000,20000000,0
8ae6cb29a63f7583a2d08f63f107e966,20000000,20000000,20000000,20000000,20000000,20000000,20000000
8b55feb51216e7508196c3e4397fd789,20000000,20000000,20000000,20000000,20000000,20000000,20000000
8b9e7b6f6b26f1bd2af558b647bcd30e,20000000,20000000,20000000,20000000,20000000,20000000,20000000
8bd3ad47b4f2aa492aca0cb1d58b47b6,20000000,20000000,20000000,20000000,20000000,20000000,20000000
8bd5a54e957806aae229f3df16bf1b6a,20000000,20000000,20000000,20000000,20000000,20000000,20000000
8c306174405897c0f978037bae0be5f8,20000000,20000000,20000000,20000000,20000000,20000000,20000000
8cce8dce6e613ee2eb71b99bf6452737,20000000,20000000,20000000,20000000,20000000,20000000,20000000
8dc6e05e5d13feb136c33b0296683fef,20000000,20000000,20000000,20000000,20000000,20000000,20000000
8de05a7fb17185ff26c172377913fa64,20000000,20000000,20000000,20000000,20000000,20000000,20000000
8ef30d0f31fb489f4fd0748c8ef02da2,20000000,20000000,20000000,20000000,20000000,20000000,20000000
8f085a299c150344c9a33a1ff809857a,20000000,20000000,20000000,20000000,20000000,20000000,20000000
8f7cd68bd4ad0cb87eeb76cd3f4fde32,20000000,20000000,20000000,20000000,20000000,20000000,20000000
8f9d502682198ede2aecfabb417afe14,20000000,20000000,20000000,20000000,20000000,20000000,20000000
9006e85e45dc1c747342ef0336b30ab5,20000000,20000000,20000000,20000000,20000000,20000000,20000000
901723379c1db2157adc3944beb7d5a5,20000000,20000000,20000000,20000000,20000000,20000000,20000000
9030ee1d626d188265b136d0ca0a9a31,20000000,20000000,20000000,20000000,20000000,20000000,20000000
90b1efde8868970b16cb3cae0537b16d,20000000,20000000,20000000,20000000,20000000,20000000,0
918c3d91c74201384787e64a220c7c5f,20000000,20000000,20000000,20000000,20000000,0,0
92df6e6e5a3f50c0cfff06904f369120,20000000,20000000,20000000,20000000,20000000,20000000,20000000
934113b3719d41d8a11a6c6eaa5a6f59,20000000,20000000,20000000,20000000,20000000,20000000,20000000
93484791f80791afdec50cf1f0302e2c,20000000,20000000,20000000,20000000,20000000,20000000,20000000
935aca6d48d1183f115e46c469682c94,20000000,20000000,20000000,20000000,20000000,20000000,20000000
9418e298bc332d785ca18ced9b462213,20000000,20000000,20000000,20000000,20000000,20000000,20000000
94a5513349eb8a684671d1d47e5b4f33,20000000,20000000,20000000,20000000,20000000,20000000,20000000
955053125ebfe28ba570777919519c48,20000000,20000000,20000000,20000000,20000000,20000000,20000000
956007145b2ff6f41633909810b58cbb,20000000,20000000,20000000,20000000,20000000,20000000,20000000
95ee620f69466a4a6b75660e78bdf6b6,20000000,20000000,20000000,20000000,20000000,20000000,20000000
961447c53e6073b7fd42ab30b3d1c6f7,20000000,20000000,20000000,20000000,20000000,0,0
967779809ae0fd8d5b6cf27b3ba3b5d7,20000000,20000000,20000000,20000000,20000000,20000000,20000000
96b29aff6f4e0067003dccaf855b54b7,20000000,20000000,20000000,20000000,20000000,20000000,20000000
96d0408d3c37ac68aa480fca59807f23,20000000,20000000,20000000,20000000,20000000,20000000,20000000
97d0e352b90777799f10e1f15e2d5b77,20000000,20000000,20000000,20000000,20000000,20000000,20000000
986829858d6c565af35a77ddc398580a,20000000,20000000,20000000,20000000,20000000,20000000,20000000
987aea8241159ea713f699a39504441b,20000000,20000000,20000000,20000000,20000000,20000000,20000000
98a4db1d9c2b5b5ca3e2a18cd3231d9f,20000000,20000000,20000000,20000000,20000000,20000000,20000000
9949b598c91b5271952a52afa6f12385,20000000,20000000,20000000,20000000,20000000,20000000,20000000
998375a4fb3b758c46773353c661ce90,20000000,20000000,20000000,20000000,20000000,20000000,20000000
99fbb7e1a12581db738db3f8f7a4e8ab,20000000,20000000,20000000,20000000,20000000,20000000,20000000
9ae0ed43d75ce49ffa6003a97fd649b4,20000000,20000000,20000000,20000000,20000000,20000000,20000000
9b8168683d84d7dc0c95bca124344b7e,20000000,20000000,20000000,20000000,20000000,20000000,20000000
9bb1401324d6116a81586c5edea40dcd,20000000,20000000,20000000,20000000,20000000,20000000,20000000
9bd7b9a1c9f88bf4e79b9645fc0c9552,20000000,20000000,20000000,20000000,20000000,20000000,20000000
9c7a608a09b332f54f20eef7f067cf00,20000000,20000000,20000000,20000000,20000000,0,0
9c7b3d5255c8063f879f4f9ba07f2f06,20000000,20000000,20000000,20000000,20000000,20000000,20000000
9c8e1a3737c1efc111a9544af4b002c3,20000000,20000000,20000000,20000000,20000000,20000000,20000000
9d2b4e53fdf28e0ba18e30c7a33099ca,20000000,20000000,20000000,20000000,20000000,20000000,20000000
9d9c6b3d94a9fa22747033efa44dab40,20000000,20000000,20000000,20000000,20000000,20000000,20000000
9dfd04c27208833b7782d248e6eed782,20000000,20000000,20000000,20000000,20000000,20000000,20000000
9e0651fd8db2a6e84728c66c016b7966,20000000,20000000,20000000,20000000,20000000,20000000,20000000
9eeaad0496ae6ee17ed2d1e76c99bfea,20000000,20000000,20000000,20000000,20000000,20000000,20000000
9f4319e9a9cbb8509e1e6f355410fc7a,20000000,20000000,20000000,20000000,20000000,20000000,20000000
9f9f286a6d9690944744fcf7f8e7bcfd,20000000,20000000,20000000,20000000,20000000,20000000,20000000
9fa356fa8d405dbc0ff1a72b06ebc369,20000000,20000000,20000000,20000000,20000000,20000000,0
9fa440806eace27dd520787e26c11fae,20000000,20000000,20000000,20000000,20000000,20000000,20000000
a002e09d5595e212f9523215f0710906,20000000,20000000,20000000,20000000,20000000,20000000,20000000
a0aa19f833f16d2e033f68a0f115b63c,20000000,20000000,20000000,20000000,20000000,20000000,20000000
a1f4e90b200372f1c571bb3fbd36ab93,20000000,20000000,20000000,20000000,20000000,20000000,20000000
a29187695d1fbef5814a4b5515a7a083,20000000,20000000,20000000,20000000,20000000,20000000,20000000
a2955565faa2e12915f94bca977e4d5c,20000000,20000000,20000000,20000000,20000000,20000000,20000000
a29ad1b133dbec02cd1ff5624bc30cec,20000000,20000000,20000000,20000000,20000000,20000000,20000000
a2ab427714701c2d54fbe22fac4c8456,20000000,20000000,20000000,20000000,20000000,20000000,20000000
a2f232db6c58db9c308ac94f9981ed91,20000000,20000000,20000000,20000000,20000000,20000000,20000000
a304b5ba1b815cb8a04d328ec148d784,20000000,20000000,20000000,20000000,20000000,20000000,20000000
a3cf56f9816f720c5c46a83a3a5934ac,20000000,20000000,20000000,20000000,20000000,20000000,20000000
a52ab22bbc8e365ef82b06c5999a88cd,20000000,20000000,20000000,20000000,20000000,20000000,20000000
a59e19cd718074969936f338713a93a3,20000000,20000000,20000000,20000000,20000000,20000000,20000000
a5c73dbd02378d9dde7ba643f3e287e1,20000000,20000000,20000000,20000000,20000000,20000000,20000000
a6e8c1062b2d56743e2b15d0d8aefef4,20000000,20000000,20000000,20000000,20000000,20000000,20000000
a79dcdae0c39312d7273daa6ddacfe57,20000000,20000000,20000000,20000000,20000000,20000000,20000000
a92d990b2926a606432d536bfbb8eeb9,20000000,20000000,20000000,20000000,20000000,20000000,20000000
a933fc5e19fba9802af49b21901dc479,20000000,20000000,20000000,20000000,20000000,20000000,20000000
a934d0690a8ff955317cc2a72a6f2785,20000000,20000000,20000000,20000000,20000000,20000000,20000000
a977349dc4df5264a0ce69d0325931d4,20000000,20000000,20000000,20000000,20000000,20000000,20000000
aa07faa9c4b91b69828bf5b131ca9584,20000000,20000000,20000000,20000000,20000000,20000000,20000000
aa18bb99d8a883be6b8615e5d80d1d1e,20000000,20000000,20000000,20000000,20000000,20000000,20000000
aa7457f17bc57085e365014ce7cc5811,20000000,20000000,20000000,20000000,20000000,20000000,20000000
aac2db301f6e00ab928fd1aa0b944d16,20000000,20000000,20000000,20000000,20000000,20000000,20000000
aadc0b4a0d79fd6632c2083efe3c104b,20000000,20000000,20000000,20000000,20000000,20000000,20000000
aae47ede527a5e7b229d7068ff7b5cac,20000000,20000000,20000000,20000000,20000000,0,0
aaff35aaf5211ad96bf00fc716ff8b8b,20000000,20000000,20000000,20000000,20000000,20000000,20000000
ab4f32f36c82f3d67f4d8b1779aced40,20000000,20000000,20000000,20000000,20000000,20000000,20000000
ab6e13331c292ee057d64dc8049945a8,20000000,20000000,20000000,20000000,20000000,20000000,0
abb12f0bdbcf0ff0e75f61ee400dd172,20000000,20000000,20000000,20000000,20000000,20000000,20000000
ac2ed0db62dc66284230e6a43523c12b,20000000,20000000,20000000,20000000,20000000,20000000,20000000
acb494d55d240a4c82b3342948193113,20000000,20000000,20000000,20000000,20000000,20000000,20000000
ad9a396c52a6a52bdf6479ffc3112fa9,20000000,20000000,20000000,20000000,20000000,20000000,20000000
ae41f8d1ec411e43591b77643ee83d0c,20000000,20000000,20000000,20000000,20000000,20000000,20000000
aed99338e14ad762d64b228e04387d09,20000000,20000000,20000000,20000000,20000000,20000000,20000000
aeef070602732b051e2f63475f4ed0f3,20000000,20000000,20000000,20000000,20000000,0,0
aef6cd47ff997593e3e89a2216e17716,20000000,20000000,20000000,20000000,20000000,20000000,20000000
af093953af240d0da8db2eff93de9af6,20000000,20000000,20000000,20000000,20000000,0,0
af5c2211dec79eeb2a069bfc14d8da04,20000000,20000000,20000000,20000000,20000000,20000000,20000000
b074911e536c88174f367c28c8f9c40a,20000000,20000000,20000000,20000000,20000000,20000000,20000000
b08839ff247f7a74fa0bd76236b18621,20000000,20000000,20000000,20000000,20000000,20000000,20000000
b0fd66f2552cf86cfe599154ae3527ed,20000000,20000000,20000000,20000000,20000000,20000000,20000000
b10d6c24bf6222ff725cc22ee8b98edb,20000000,20000000,20000000,20000000,20000000,20000000,20000000
b126270a6a1f3270573fffccaee0632c,20000000,20000000,20000000,20000000,20000000,20000000,20000000
b1662d62c159ad433da3c0ec5893c454,20000000,20000000,20000000,20000000,20000000,20000000,20000000
b1ce4afc52b4ac5ccc3c301533f46849,20000000,20000000,20000000,20000000,20000000,20000000,20000000
b20f7713caac822b66f097474c176be5,20000000,20000000,20000000,20000000,20000000,20000000,20000000
b21ee4fa21adc93aa333f49ece8b4808,20000000,20000000,20000000,20000000,20000000,20000000,20000000
b2431576d34417d9c7884eb5679bd3f9,20000000,20000000,20000000,20000000,20000000,20000000,20000000
b273a7e6eef11bb94f310181c4d7023f,20000000,20000000,20000000,20000000,20000000,20000000,20000000
b29bf6efa5bef09e88545780508c9742,20000000,20000000,20000000,20000000,20000000,20000000,20000000
b2b706e7e9c00a60ae66db168f7d44ad,20000000,20000000,20000000,20000000,20000000,20000000,20000000
b3268dad149a318e1a3a35d3bf8a2310,20000000,20000000,20000000,20000000,20000000,20000000,20000000
b34097f79c510d5d2b78e26e736d41e8,20000000,20000000,20000000,20000000,20000000,20000000,20000000
b38d18232d45ea6a9cc803f391aa7fc8,20000000,20000000,20000000,20000000,20000000,20000000,20000000
b3aa25e7bae39ca1c6d3fb73e3df3699,20000000,20000000,20000000,20000000,20000000,20000000,20000000
b3d4bfc750cab2fe552b6511072b4f5f,20000000,20000000,20000000,20000000,20000000,20000000,20000000
b3f88f794e6ed73b74af83fb75ae0cc2,20000000,20000000,20000000,20000000,20000000,20000000,20000000
b42592137dd37de41f015fce48ca411c,20000000,20000000,20000000,20000000,20000000,20000000,20000000
b46866f897cd2a9716f72b62f35fa208,20000000,20000000,20000000,20000000,20000000,20000000,20000000
b4b69d6fa3966fc07edf7c251c90ee86,20000000,20000000,20000000,20000000,20000000,20000000,20000000
b5258c80101c542649b0230159c74cea,20000000,20000000,20000000,20000000,20000000,20000000,20000000
b58a20d3010a595bad4f3493dde9693d,20000000,20000000,20000000,20000000,20000000,20000000,20000000
b58bcff6ad309ff0738a52153f05fddb,20000000,20000000,20000000,20000000,20000000,20000000,20000000
b5a1847dc41a07ae917af20840d8c8e8,20000000,20000000,20000000,20000000,20000000,20000000,20000000
b66c23fcea1fef436a1f6b2a5df8508b,20000000,20000000,20000000,20000000,20000000,20000000,20000000
b6e889a9aa2fb96dff601e59c23e9ba5,20000000,20000000,20000000,20000000,20000000,20000000,20000000
b78776a900f397027a54b5fedd05d72d,20000000,20000000,20000000,20000000,20000000,20000000,20000000
b9c40d3837c748e17b868bf9290008a4,20000000,20000000,20000000,20000000,20000000,20000000,20000000
ba23260584486b89935f4493eda8c388,20000000,20000000,20000000,20000000,20000000,0,0
ba6beff69f36ea0b09e2edae4b28df20,20000000,20000000,20000000,20000000,20000000,20000000,20000000
ba99d815ede9c3befb11e5330a660470,20000000,20000000,20000000,20000000,20000000,20000000,20000000
bb80b3c05023e3b93f1ece00230ea182,20000000,20000000,20000000,20000000,20000000,20000000,0
bbb64247fc6a8d5096704fde8afc3a24,20000000,20000000,20000000,20000000,20000000,20000000,20000000
bbbabb292662f9fa80087d7bb884dc7d,20000000,20000000,20000000,20000000,20000000,20000000,20000000
bbc0ab51bc5efe5bd47b6786bdf0a2f0,20000000,20000000,20000000,20000000,20000000,20000000,20000000
bc3b072a43eaf52fe1db46684f4f90c4,20000000,20000000,20000000,20000000,20000000,20000000,20000000
bcd1fdfb231acf977ed7ba8284fd0496,20000000,20000000,20000000,20000000,20000000,20000000,0
bcfb59acaf53023d3ffe55c87f2740fb,20000000,20000000,20000000,20000000,20000000,20000000,20000000
bdbd01233ffe56996d8208c5a7299ffc,20000000,20000000,20000000,20000000,20000000,0,0
bdc5c7a1b94dc5350d45b26268a3f164,20000000,20000000,20000000,20000000,20000000,20000000,20000000
be2eb1583f64c724fe958562c585af40,20000000,20000000,20000000,20000000,20000000,20000000,20000000
be3fc02a557c1622c34cc9f77c193686,20000000,20000000,20000000,20000000,20000000,20000000,20000000
bec1fe2da006a152a81ee2634d48ef56,20000000,20000000,20000000,20000000,20000000,20000000,20000000
bec735ebca41c39b289bae0e21ed1875,20000000,20000000,20000000,20000000,20000000,20000000,20000000
bf2ec4ad8704657bde774ef71724f611,20000000,20000000,20000000,20000000,20000000,20000000,20000000
bf31a2920674ff588ef74c478205314e,20000000,20000000,20000000,20000000,20000000,20000000,20000000
bf3ea87f28970ed9e2fb26fa24dfbe14,20000000,20000000,20000000,20000000,20000000,20000000,20000000
c0e04d7a95ba3e0cc4826106fed3915b,20000000,20000000,20000000,20000000,20000000,20000000,20000000
c0f6f8b7afc0fb78030ae635a261fdf7,20000000,20000000,20000000,20000000,20000000,20000000,20000000
c17889c87136c9f4cccfc6b186ba362a,20000000,20000000,20000000,20000000,20000000,20000000,20000000
c1877abbdbe893bba18760588864dcac,20000000,20000000,20000000,20000000,20000000,20000000,20000000
c188ea9201faadee63092eb1aec6387a,20000000,20000000,20000000,20000000,20000000,20000000,20000000
c1a35ab8b283964332bc167ed046a852,20000000,20000000,20000000,20000000,20000000,0,0
c1b1852723388f4955d7549b29f2a1b8,20000000,20000000,20000000,20000000,20000000,20000000,20000000
c1ddd69c6748007e019d0d87f749ba42,20000000,20000000,20000000,20000000,20000000,20000000,20000000
c1e0426d0961d66bc82476dfe13875a2,20000000,20000000,20000000,20000000,20000000,20000000,20000000
c1fc2b69242656dab926542a8dd21128,20000000,20000000,20000000,20000000,20000000,20000000,20000000
c26779b9fc624acbc0a357e248326d00,20000000,20000000,20000000,20000000,20000000,20000000,20000000
c3dbebf64ec8eaff8630986d2a0ea5c1,20000000,20000000,20000000,20000000,20000000,20000000,0
c42fa2071190f46bb2afcab536e76171,20000000,20000000,20000000,20000000,20000000,0,0
c4901993d4371b08cce69ef8443223ea,20000000,20000000,20000000,20000000,20000000,20000000,20000000
c55753fd4a2036d650f816d632db250e,20000000,20000000,20000000,20000000,20000000,20000000,0
c5c05966a629a72054ca87e6ea328200,20000000,20000000,20000000,20000000,20000000,20000000,20000000
c601132107cca0754584bfcdad8cfad7,20000000,20000000,20000000,20000000,20000000,20000000,20000000
c61847be13f6bcd719974ae54e98d332,20000000,20000000,20000000,20000000,20000000,20000000,20000000
c61bcdbd38f59bab01f1362486a92259,20000000,20000000,20000000,20000000,20000000,20000000,20000000
c64ef060ce8ee31154488f92a54671c6,20000000,20000000,20000000,20000000,20000000,20000000,20000000
c6f698f0c1ee16e3a2761464c2896bd8,20000000,20000000,20000000,20000000,20000000,20000000,20000000
c7402a06fe738762cd8eeecd76dbbdfc,20000000,20000000,20000000,20000000,20000000,20000000,20000000
c780ffd462e252fa344cba644f1a66d3,20000000,20000000,20000000,20000000,20000000,20000000,20000000
c7960236ff411781c3ea58a1b2280967,20000000,20000000,20000000,20000000,20000000,20000000,20000000
c7a5c733caa425e8e942e267352e91f8,20000000,20000000,20000000,20000000,20000000,20000000,20000000
c8651039c26f83e7cf2826b17bd5f89d,20000000,20000000,20000000,20000000,20000000,0,0
c888180df1938bb9592156b9340334b8,20000000,20000000,20000000,20000000,20000000,20000000,20000000
c8cbb867830171ded86ef2ac70c13e6d,20000000,20000000,20000000,20000000,20000000,20000000,20000000
c8dc9ef142f9dcc6e94aebff5cbf2d6c,20000000,20000000,20000000,20000000,20000000,20000000,20000000
c940e4096ea25ed8cc310225a05e61de,20000000,20000000,20000000,20000000,20000000,20000000,20000000
c9acb588e5c27fa1662a5fddd0dbf585,20000000,20000000,20000000,20000000,20000000,20000000,20000000
caa3be321c2b35e6a37a798f3b2b89f3,20000000,20000000,20000000,20000000,20000000,20000000,20000000
cb2e4b710ce721408778bb2b0e16af3a,20000000,20000000,20000000,20000000,20000000,20000000,20000000
cb5e465caee289c5528756b3835d9320,20000000,20000000,20000000,20000000,20000000,20000000,20000000
cb6452c0b8d8a3b6067585db08610bb1,20000000,20000000,20000000,20000000,20000000,20000000,20000000
cb7f794f2d57c0759d1e7a414aea11fa,20000000,20000000,20000000,20000000,20000000,20000000,20000000
cba667a92eb1d3a3ddb8eea14413cf45,20000000,20000000,20000000,20000000,20000000,20000000,20000000
cc328a44522bda0c6d9c7752422238d5,20000000,20000000,20000000,20000000,20000000,0,0
cd19127bdf8fdc5526bd572835c3e99c,20000000,20000000,20000000,20000000,20000000,20000000,20000000
cd3771ac50b082bfa70726965a3fe69d,20000000,20000000,20000000,20000000,20000000,20000000,20000000
cd62430db68498b7775344bb5fb352e0,20000000,20000000,20000000,20000000,20000000,20000000,20000000
cdbdf423edda1c4c891ebd53ae9939bb,20000000,20000000,20000000,20000000,20000000,20000000,20000000
ce03c7ebac94e07be6e707147e498444,20000000,20000000,20000000,20000000,20000000,20000000,20000000
ce1f7e94e98a2d574b363b8178023df9,20000000,20000000,20000000,20000000,20000000,20000000,20000000
cec9ed191e5c261f3fd3fc716f17ec5c,20000000,20000000,20000000,20000000,20000000,20000000,20000000
ceda736ffe2ff4311af1f1f1092383e7,20000000,20000000,20000000,20000000,20000000,20000000,20000000
cf406c7e096f259d89f7de468c298102,20000000,20000000,20000000,20000000,20000000,20000000,20000000
cf69c8f938e5f894daf3b5cc5615ca04,20000000,20000000,20000000,20000000,20000000,0,0
cfafe0287c4be4ebfa7ae13c995cc0dd,20000000,20000000,20000000,20000000,20000000,20000000,20000000
cfbdcfe59aabfae2cb4e717fa785479f,20000000,20000000,20000000,20000000,20000000,20000000,20000000
cfbde1d90e435decc9fca0a42cff9edb,20000000,20000000,20000000,20000000,20000000,20000000,20000000
d00c087e1820bd2cbd1032131f09f1f4,20000000,20000000,20000000,20000000,20000000,20000000,20000000
d020075c5a60f183607b90ffd104f5af,20000000,20000000,20000000,20000000,20000000,20000000,0
d0c8ee8a3fad7c5456756a8883320300,20000000,20000000,20000000,20000000,20000000,20000000,20000000
d186062baf6c8dcd0f4c6023d5472e09,20000000,20000000,20000000,20000000,20000000,20000000,20000000
d1a8df3a0ee7e4268ef7ddf156f822f6,20000000,20000000,20000000,20000000,20000000,20000000,20000000
d1be3349eca24ce00034f3b93fa15d2f,20000000,20000000,20000000,20000000,20000000,20000000,20000000
d1c97c809c7e3af68526e6ec42862177,20000000,20000000,20000000,20000000,20000000,20000000,20000000
d1d2137e8d22c7b8d3ae9fde272aa173,20000000,20000000,20000000,20000000,20000000,20000000,20000000
d22ca174fec4387742a3b85d9c4c43b9,20000000,20000000,20000000,20000000,20000000,20000000,20000000
d31b1f35c5a4fbe191f8919e3cc74826,20000000,20000000,20000000,20000000,20000000,20000000,20000000
d3ab0ad15fa47512cc7faf9e1f8eab5a,20000000,20000000,20000000,20000000,20000000,20000000,20000000
d49c71c31b898c4bedde707533f052f6,20000000,20000000,20000000,20000000,20000000,20000000,20000000
d557c2b2df7047bedc2e1a5999e12db5,20000000,20000000,20000000,20000000,20000000,20000000,20000000
d56605dbb941d902f46508ba775d91ce,20000000,20000000,20000000,20000000,20000000,20000000,20000000
d58bbe73e035265c4e58e9bdacfdc466,20000000,20000000,20000000,20000000,20000000,20000000,20000000
d6ee856c255539873965f9a081de3bd2,20000000,20000000,20000000,20000000,20000000,20000000,20000000
d6f1cf2684d94f673970e86a73514574,20000000,20000000,20000000,20000000,20000000,20000000,20000000
d72a63031739e7081a4ba8397e804253,20000000,20000000,20000000,20000000,20000000,20000000,20000000
d797447cdeb2ecc399793b1dc090c39c,20000000,20000000,20000000,20000000,20000000,20000000,20000000
d7bc969cb0df97fb79fab9ff2cbe7be7,20000000,20000000,20000000,20000000,20000000,20000000,20000000
d816e549ec16d08e2e714a27c8d18fdb,20000000,20000000,20000000,20000000,20000000,20000000,20000000
d86fd09c77d0859bc315c28faa77a651,20000000,20000000,20000000,20000000,20000000,20000000,20000000
d938420c8189049b0cedb8f56e08f49b,20000000,20000000,20000000,20000000,20000000,20000000,20000000
d9e0522a6203536eb7774b458c518654,20000000,20000000,20000000,20000000,20000000,20000000,20000000
da2397af98d68b0533485c911a5e9ba6,20000000,20000000,20000000,20000000,20000000,20000000,20000000
db484a2e308557d4bf34b59f3cdd6490,20000000,20000000,20000000,20000000,20000000,20000000,20000000
dbbf635e4bc61e9802a4c9fec48cf029,20000000,20000000,20000000,20000000,20000000,20000000,20000000
dbcd6fbf2133ab8185dd0b0ae6cd27e2,20000000,20000000,20000000,20000000,20000000,20000000,20000000
dbdd3afe314353a2c7426d2653871281,20000000,20000000,20000000,20000000,20000000,20000000,20000000
dc3a2cc9fb4a522cea32d38171ba443a,20000000,20000000,20000000,20000000,20000000,20000000,20000000
de42a72fa685d9c93d8848321543ab61,20000000,20000000,20000000,20000000,20000000,20000000,20000000
de9e78d8f4fb2d19c02736488fa1927e,20000000,20000000,20000000,20000000,20000000,20000000,20000000
dec4895ee6ae6946447849040f92d92d,20000000,20000000,20000000,20000000,20000000,20000000,20000000
deca3ba6278e72fa3023ae0b12838807,20000000,20000000,20000000,20000000,20000000,20000000,20000000
dee0a5db52983be4087050dbcf30b882,20000000,20000000,20000000,20000000,20000000,20000000,20000000
df03d582503e2e29be65869ea6c4b76b,20000000,20000000,20000000,20000000,20000000,20000000,20000000
df9c0d0a6f770c37b391db9e10952d4e,20000000,20000000,20000000,20000000,20000000,20000000,20000000
dfc1f0f16ebec84181be67ad93714842,20000000,20000000,20000000,20000000,20000000,20000000,20000000
dfe7be1332954509de2f6ba2b45ef379,20000000,20000000,20000000,20000000,20000000,0,0
dfebc3f13ccbe702c0fa2fe69d98ae0b,20000000,20000000,20000000,20000000,20000000,20000000,20000000
dff0d91354028ac22ba6aa6adbcaea1a,20000000,20000000,20000000,20000000,20000000,20000000,20000000
e02152b99ce17edcd53c92b321d326d8,20000000,20000000,20000000,20000000,20000000,20000000,20000000
e03b2061c4f11f6154318d330903c09f,20000000,20000000,20000000,20000000,20000000,20000000,20000000
e4a2723fe2adc1d2dd7da3bf53da0c02,20000000,20000000,20000000,20000000,20000000,20000000,20000000
e530083a80db791bbdc192e880bac624,20000000,20000000,20000000,20000000,20000000,20000000,20000000
e587162a58bb8f212898ac9df190a728,20000000,20000000,20000000,20000000,20000000,20000000,20000000
e5a9d6a9b343f9818391a8fbb2af379b,20000000,20000000,20000000,20000000,20000000,20000000,0
e65b1f16fb39c07b5da6a2688d6e605a,20000000,20000000,20000000,20000000,20000000,20000000,20000000
e664a7b0708649c6e6970d1902770032,20000000,20000000,20000000,20000000,20000000,20000000,20000000
e6848be364ce37930eba06f038c4079c,20000000,20000000,20000000,20000000,20000000,20000000,20000000
e727dddb50e98e507a71c8109ab4078e,20000000,20000000,20000000,20000000,20000000,20000000,20000000
e7ff010a547d5090be256f1e1c704edb,20000000,20000000,20000000,20000000,20000000,20000000,20000000
e8013e349761dedaf7105a28e70d0da7,20000000,20000000,20000000,20000000,20000000,20000000,20000000
e82570e91d79fd64e7bc2d8382bff354,20000000,20000000,20000000,20000000,20000000,20000000,20000000
e82e89318196d1b667302d70b3a5506c,20000000,20000000,20000000,20000000,20000000,20000000,20000000
e8ffb0e326bcc6a4aae886ce1e0bc4f4,20000000,20000000,20000000,20000000,20000000,20000000,20000000
e96d50385c746aae631a583fd61ef95b,20000000,20000000,20000000,20000000,20000000,20000000,20000000
e985f9924e38b8c4d63551654a9232c6,20000000,20000000,20000000,20000000,20000000,20000000,20000000
e9cec85f97311064383b6eae6a3b32e8,20000000,20000000,20000000,20000000,20000000,20000000,20000000
ea45755004d35c1e12deba2e26e806c5,20000000,20000000,20000000,20000000,20000000,20000000,20000000
ea7cbdf533aa83b94f167949c5ab66c8,20000000,20000000,20000000,20000000,20000000,20000000,20000000
ea86901624b69aa8a5e6a135ca2ff77b,20000000,20000000,20000000,20000000,20000000,20000000,20000000
eb313c75abcbeeed164a7f286af495c7,20000000,20000000,20000000,20000000,20000000,20000000,20000000
eb9ef92691ccd586bdcb86cbe0879463,20000000,20000000,20000000,20000000,20000000,20000000,20000000
ec1f63ed30b36a51a48b99d4bfac5ea8,20000000,20000000,20000000,20000000,20000000,20000000,20000000
ec3004f4135768e6bb8f146d9f42e106,20000000,20000000,20000000,20000000,20000000,20000000,20000000
ec9e133817b40abf1f6f6cb474a076ca,20000000,20000000,20000000,20000000,20000000,20000000,20000000
ecd04a951905cf824cd6703e862a0331,20000000,20000000,20000000,20000000,20000000,20000000,20000000
ece618bb36ad39e2f758bb8d68dacf9a,20000000,20000000,20000000,20000000,20000000,20000000,20000000
ed1095fb5e4d19657439064beae03355,20000000,20000000,20000000,20000000,20000000,20000000,20000000
ed788bd1ee5efd196365aeae66a60937,20000000,20000000,20000000,20000000,20000000,20000000,0
ed7d3ea759ad655c4dc81dbf437e45f0,20000000,20000000,20000000,20000000,20000000,20000000,20000000
ed7db838256cc0fce61357dd220fb537,20000000,20000000,20000000,20000000,20000000,20000000,20000000
edca46651c5eb9bbbcc67514c93b8686,20000000,20000000,20000000,20000000,20000000,20000000,20000000
eeb6847ab27b2cc4b214b2355eac5ac3,20000000,20000000,20000000,20000000,20000000,20000000,20000000
eefc160716cc7753cd52fc2a4d6a5259,20000000,20000000,20000000,20000000,20000000,20000000,20000000
ef264d096eef12930622ec33d0007fe7,20000000,20000000,20000000,20000000,20000000,20000000,20000000
ef3a1b863c52a453c994c240e81002b2,20000000,20000000,20000000,20000000,20000000,20000000,20000000
ef69d993f087f80095b9d078861d4344,20000000,20000000,20000000,20000000,20000000,20000000,20000000
efa0e80279dfae827561f89de1b26d9c,20000000,20000000,20000000,20000000,20000000,20000000,20000000
f113fbdf512e62ead4fc1f789c554c6e,20000000,20000000,20000000,20000000,20000000,20000000,20000000
f16819c5b668440f19c62ac49dd50374,20000000,20000000,20000000,20000000,20000000,20000000,20000000
f1a132a2894d4bc0477218d43cb7ef75,20000000,20000000,20000000,20000000,20000000,20000000,20000000
f1c1dd1cbbb0c780dd871a75503d577b,20000000,20000000,20000000,20000000,20000000,20000000,20000000
f253d90d378984380c55ec4ac0178ef7,20000000,20000000,20000000,20000000,20000000,20000000,20000000
f26eb0251c7b3f5ba2858d60c1a3b470,20000000,20000000,20000000,20000000,20000000,20000000,20000000
f2a2630b709ae1f208921d83343cb230,20000000,20000000,20000000,20000000,20000000,20000000,20000000
f32186292f750b523e483ead55bb6c35,20000000,20000000,20000000,20000000,20000000,20000000,20000000
f3764d71fd1e9d20dbd5a4d00b9bdb1a,20000000,20000000,20000000,20000000,20000000,20000000,20000000
f37c162138e3208b073dc31ed25de6be,20000000,20000000,20000000,20000000,20000000,20000000,20000000
f3cfbbc996450eeef505c2f6199db70c,20000000,20000000,20000000,20000000,20000000,20000000,20000000
f4895e59c43cbffc3f00cc90fbae08f1,20000000,20000000,20000000,20000000,20000000,20000000,20000000
f48f556c16003e0110c3bcd7bf64d627,20000000,20000000,20000000,20000000,20000000,20000000,20000000
f4914d72b047483c7684237743eb9b37,20000000,20000000,20000000,20000000,20000000,20000000,20000000
f49fd3cc933e493ed4d7fdb31b911e73,20000000,20000000,20000000,20000000,20000000,20000000,20000000
f51698556ee0417389b25cd72d46052c,20000000,20000000,20000000,20000000,20000000,20000000,20000000
f52274bf0a3ca6e07615695e6ac37e62,20000000,20000000,20000000,20000000,20000000,20000000,20000000
f526c2d52fd52a0eedcb29f7eaa3031a,20000000,20000000,20000000,20000000,20000000,20000000,20000000
f54456b8df92db5c7dc52aa721b41e3e,20000000,20000000,20000000,20000000,20000000,20000000,20000000
f5e2a691fe69c265ff1a166dff788342,20000000,20000000,20000000,20000000,20000000,20000000,20000000
f603d033beb600c6a4f5082167d5dfb4,20000000,20000000,20000000,20000000,20000000,20000000,20000000
f69e371055eaa82660d85f5489b19d48,20000000,20000000,20000000,20000000,20000000,20000000,0
f7679086770b98870ac9afb42fb116f6,20000000,20000000,20000000,20000000,20000000,20000000,20000000
f780b957553b186cd6c2a1f30ee6d0c6,20000000,20000000,20000000,20000000,20000000,0,0
f80ea2b2f46ceb904c4e859b3663e21c,20000000,20000000,20000000,20000000,20000000,20000000,20000000
f8833f62ca66a833339b42facdc9f667,20000000,20000000,20000000,20000000,20000000,20000000,20000000
f8ccb123119859c143ed069bac97f1af,20000000,20000000,20000000,20000000,20000000,20000000,20000000
f917ae6d5a79f21489581d9962b0e70f,20000000,20000000,20000000,20000000,20000000,20000000,0
f938d47b090f9a9c676df943933eb680,20000000,20000000,20000000,20000000,20000000,20000000,20000000
f9d8250b6f3c5b47289ba8e416290f04,20000000,20000000,20000000,20000000,20000000,20000000,20000000
f9e15f4b7877ae7de488704e2270b453,20000000,20000000,20000000,20000000,20000000,0,0
fbafc8fcfd26057e43f5b1c81ba25344,20000000,20000000,20000000,20000000,20000000,20000000,20000000
fbc5d2712dfe2402c49c7a5d57809a93,20000000,20000000,20000000,20000000,20000000,20000000,20000000
fc811f52537fc7bc274c2f8d7dce2fd6,20000000,20000000,20000000,20000000,20000000,20000000,20000000
fcdf3619f265091c44e661615afe5462,20000000,20000000,20000000,20000000,20000000,20000000,20000000
fd5009b3e1c5870755b873413c726a38,20000000,20000000,20000000,20000000,20000000,20000000,20000000
fd9678856584f2f45db11c0faf972fa2,20000000,20000000,20000000,20000000,20000000,20000000,20000000
fe006215debaae6b2dfc2ff2469ee727,20000000,20000000,20000000,20000000,20000000,20000000,20000000
feec24253f55e6b06b62a7beb009df26,20000000,20000000,20000000,20000000,20000000,20000000,20000000
ff86aa676df6e54cf5d575df77fc5564,20000000,20000000,20000000,20000000,20000000,20000000,20000000
ffe6c312da4a26cb66244bb92b5f36e1,20000000,20000000,20000000,20000000,20000000,20000000,20000000
